-- ========================================
-- Base de données Animaux
-- Générée automatiquement le 25/11/2025 14:59:55
-- ========================================

-- ========================================
-- Structure de la table Animal
-- ========================================
DROP TABLE IF EXISTS Animal;
CREATE TABLE Animal (
  animal_id INT PRIMARY KEY NOT NULL,
  common_name VARCHAR(100), 
  scientific_name VARCHAR(200) NOT NULL,
  family VARCHAR(100),
  type VARCHAR(100),
  image TEXT NOT NULL,
  extinct_level VARCHAR(50) NOT NULL 
) ENGINE=InnoDB DEFAULT CHARSET=utf8mb4;

-- Table Animal
INSERT INTO Animal (animal_id, common_name, scientific_name, family, type, extinct_level, image) VALUES
  (503146, 'Berglemming', 'Lemmus lemmus', 'CRICETIDAE', 'MAMMALIA',  'LC', NULL),
  (503908, 'Ginsterhase', 'Lepus castroviejoi', 'LEPORIDAE', 'MAMMALIA',  'VU', NULL),
  (509971, 'Opossum-souris menu', 'Marmosops cracens', 'DIDELPHIDAE', 'MAMMALIA',  'DD', NULL),
  (510082, 'Marmota Alpina', 'Marmota marmota', 'SCIURIDAE', 'MAMMALIA',  'LC', NULL),
  (513175, 'Felten''s Vole', 'Microtus felteni', 'CRICETIDAE', 'MAMMALIA',  'LC', NULL),
  (513559, 'Campagnol De Thomas', 'Microtus thomasi', 'CRICETIDAE', 'MAMMALIA',  'LC', NULL),
  (513663, 'Campagnol De Fatio', 'Microtus multiplex', 'CRICETIDAE', 'MAMMALIA',  'LC', NULL),
  (513760, 'Campagnol de Savi', 'Microtus savii', 'CRICETIDAE', 'MAMMALIA',  'LC', NULL),
  (513875, 'Arvicola iberica', 'Microtus duodecimcostatus', 'CRICETIDAE', 'MAMMALIA',  'LC', NULL),
  (513980, 'Campagnol Basque', 'Microtus lusitanicus', 'CRICETIDAE', 'MAMMALIA',  'LC', NULL),
  (518440, 'Campagnol de Liechtenstein', 'Microtus liechtensteini', 'CRICETIDAE', 'MAMMALIA',  'LC', NULL),
  (518549, 'Orecchione sardo', 'Plecotus sardus', 'VESPERTILIONIDAE', 'MAMMALIA',  'VU', NULL),
  (518646, 'Arvicola Bruzia', 'Microtus brachycercus', 'CRICETIDAE', 'MAMMALIA',  'LC', NULL),
  (518740, 'Alcathoe Myotis', 'Myotis alcathoe', 'VESPERTILIONIDAE', 'MAMMALIA',  'DD', NULL),
  (518894, 'Christmas Island Pipistrelle', 'Pipistrellus murrayi', 'VESPERTILIONIDAE', 'MAMMALIA',  'EX', NULL),
  (519016, 'Biak Giant Rat', 'Uromys boeadii', 'MURIDAE', 'MAMMALIA',  'CR', NULL),
  (519144, 'Musaraigne De Valais', 'Sorex antinorii', 'SORICIDAE', 'MAMMALIA',  'LC', NULL),
  (519247, 'Mulot Des Balkans', 'Apodemus epimelas', 'MURIDAE', 'MAMMALIA',  'LC', NULL),
  (544549, 'Mound-building Mouse', 'Mus spicilegus', 'MURIDAE', 'MAMMALIA',  'LC', NULL),
  (544742, 'Bisoi Europarra', 'Mustela lutreola', 'MUSTELIDAE', 'MAMMALIA',  'CR', NULL),
  (546843, 'Azores Noctule', 'Nyctalus azoreum', 'VESPERTILIONIDAE', 'MAMMALIA',  'VU', NULL),
  (739675, 'Monster Rice Rat', 'Euryoryzomys lamia', 'CRICETIDAE', 'MAMMALIA',  'VU', NULL),
  (1306343, 'Hooker''s Sealion', 'Phocarctos hookeri', 'OTARIIDAE', 'MAMMALIA',  'EN', NULL),
  (1380378, 'Madeira Pipistrelle', 'Pipistrellus maderensis', 'VESPERTILIONIDAE', 'MAMMALIA',  'VU', NULL),
  (1424721, 'Canary Long-eared Bat', 'Plecotus teneriffae', 'VESPERTILIONIDAE', 'MAMMALIA',  'VU', NULL),
  (1737167, 'Pika de Cerdeña', 'Prolagus sardus', 'PROLAGIDAE', 'MAMMALIA',  'EX', NULL),
  (1956366, 'Alpenwaldmaus', 'Apodemus alpicola', 'MURIDAE', 'MAMMALIA',  'LC', NULL),
  (2729967, 'Severtzov''s Birch Mouse', 'Sicista severtzovi', 'SMINTHIDAE', 'MAMMALIA',  'LC', NULL),
  (2772233, 'Musaraigne des Apennins', 'Sorex samniticus', 'SORICIDAE', 'MAMMALIA',  'LC', NULL),
  (2772339, 'Giant Blind Mole Rat', 'Spalax giganteus', 'SPALACIDAE', 'MAMMALIA',  'LC', NULL),
  (2772472, 'Greater Mole Rat', 'Spalax microphthalmus', 'SPALACIDAE', 'MAMMALIA',  'LC', NULL),
  (2773889, 'Blau-weisser Delfin', 'Stenella coeruleoalba', 'DELPHINIDAE', 'MAMMALIA',  'VU', NULL),
  (2775649, 'Southwestern Water Vole', 'Arvicola sapidus', 'CRICETIDAE', 'MAMMALIA',  'NT', NULL),
  (2782611, 'Bottlenose Dolphin', 'Tursiops truncatus', 'DELPHINIDAE', 'MAMMALIA',  'VU', NULL),
  (2785108, 'Cuvier''s Beaked Whale', 'Ziphius cavirostris', 'ZIPHIIDAE', 'MAMMALIA',  'DD', NULL),
  (2789048, 'Cretan Spiny Mouse', 'Acomys minous', 'MURIDAE', 'MAMMALIA',  'DD', NULL),
  (2789136, 'Kıbrıs Dikenlifaresi', 'Acomys nesiotes', 'MURIDAE', 'MAMMALIA',  'DD', NULL),
  (2791303, 'Northern Hedgehog', 'Erinaceus europaeus', 'ERINACEIDAE', 'MAMMALIA',  'LC', NULL),
  (2791535, 'Crocidura siciliana', 'Crocidura sicula', 'SORICIDAE', 'MAMMALIA',  'LC', NULL),
  (2792030, 'Millet''s Shrew', 'Sorex coronatus', 'SORICIDAE', 'MAMMALIA',  'LC', NULL),
  (2792173, 'Lagranja Shrew', 'Sorex granarius', 'SORICIDAE', 'MAMMALIA',  'LC', NULL),
  (2896811, 'Gerbe''s Vole', 'Microtus gerbii', 'CRICETIDAE', 'MAMMALIA',  'LC', NULL),
  (2952954, 'Apennine Hare', 'Lepus corsicanus', 'LEPORIDAE', 'MAMMALIA',  'VU', NULL),
  (2953195, 'Granada Hare', 'Lepus granatensis', 'LEPORIDAE', 'MAMMALIA',  'LC', NULL),
  (2953438, 'Blind Mole', 'Talpa caeca', 'TALPIDAE', 'MAMMALIA',  'LC', NULL),
  (2953593, 'Taupe ibérique', 'Talpa occidentalis', 'TALPIDAE', 'MAMMALIA',  'LC', NULL),
  (2953688, 'Talpa romana', 'Talpa romana', 'TALPIDAE', 'MAMMALIA',  'LC', NULL),
  (2953771, 'Stankovic''s Mole', 'Talpa stankovici', 'TALPIDAE', 'MAMMALIA',  'LC', NULL),
  (2955634, 'Cachelot', 'Physeter macrocephalus', 'PHYSETERIDAE', 'MAMMALIA',  'EN', NULL),
  (2955856, 'Balabac Chevrotain', 'Tragulus napu', 'TRAGULIDAE', 'MAMMALIA',  'LC', NULL),
  (3031266, 'Canarian Shrew', 'Crocidura canariensis', 'SORICIDAE', 'MAMMALIA',  'EN', NULL),
  (3139783, 'Leirão', 'Eliomys quercinus', 'GLIRIDAE', 'MAMMALIA',  'VU', NULL),
  (3153168, 'Nelson''s Spiny Pocket Mouse', 'Heteromys nelsoni', 'HETEROMYIDAE', 'MAMMALIA',  'EN', NULL),
  (3153291, 'Nelson''s Spiny Pocket Mouse', 'Heteromys nelsoni', 'HETEROMYIDAE', 'MAMMALIA',  'CR', NULL),
  (3153442, 'Mountain Spiny Pocket Mouse', 'Heteromys oresterus', 'HETEROMYIDAE', 'MAMMALIA',  'LC', NULL),
  (3153515, 'Mountain Spiny Pocket Mouse', 'Heteromys oresterus', 'HETEROMYIDAE', 'MAMMALIA',  'LR/nt', NULL),
  (3153565, 'Trinidad Spiny Pocket Mouse', 'Heteromys anomalus', 'HETEROMYIDAE', 'MAMMALIA',  'LC', NULL),
  (3153661, 'Trinidad Spiny Pocket Mouse', 'Heteromys anomalus', 'HETEROMYIDAE', 'MAMMALIA',  'LR/lc', NULL),
  (3153705, 'Southern Spiny Pocket Mouse', 'Heteromys australis', 'HETEROMYIDAE', 'MAMMALIA',  'LC', NULL),
  (3153798, 'Southern Spiny Pocket Mouse', 'Heteromys australis', 'HETEROMYIDAE', 'MAMMALIA',  'LR/lc', NULL),
  (3153924, 'Gaumer''s Spiny Pocket Mouse', 'Heteromys gaumeri', 'HETEROMYIDAE', 'MAMMALIA',  'LC', NULL),
  (3154029, 'Gaumer''s Spiny Pocket Mouse', 'Heteromys gaumeri', 'HETEROMYIDAE', 'MAMMALIA',  'LR/lc', NULL),
  (3154593, 'Insular Cave Rat', 'Heteropsomys insulans', 'ECHIMYIDAE', 'MAMMALIA',  'EX', NULL),
  (3154671, 'Insular Cave Rat', 'Heteropsomys insulans', 'ECHIMYIDAE', 'MAMMALIA',  'EX', NULL),
  (3155657, 'Hipopótamo Enano', 'Choeropsis liberiensis', 'HIPPOPOTAMIDAE', 'MAMMALIA',  'VU', NULL),
  (3155681, 'Hipopótamo Enano', 'Choeropsis liberiensis', 'HIPPOPOTAMIDAE', 'MAMMALIA',  'N/A', NULL),
  (3155700, 'Hipopótamo Enano', 'Choeropsis liberiensis', 'HIPPOPOTAMIDAE', 'MAMMALIA',  'EN', NULL),
  (3155903, 'Hipopótamo Enano', 'Choeropsis liberiensis', 'HIPPOPOTAMIDAE', 'MAMMALIA',  'EN', NULL),
  (3156059, 'Hipopótamo Enano', 'Choeropsis liberiensis', 'HIPPOPOTAMIDAE', 'MAMMALIA',  'VU', NULL),
  (3156075, 'Hipopótamo Enano', 'Choeropsis liberiensis', 'HIPPOPOTAMIDAE', 'MAMMALIA',  'VU', NULL),
  (3156093, 'Hipopótamo Enano', 'Choeropsis liberiensis', 'HIPPOPOTAMIDAE', 'MAMMALIA',  'VU', NULL),
  (3156109, 'Hipopótamo Enano', 'Choeropsis liberiensis', 'HIPPOPOTAMIDAE', 'MAMMALIA',  'VU', NULL),
  (3156174, 'Imposter Hutia', 'Hexolobodon phenax', 'CAPROMYIDAE', 'MAMMALIA',  'EX', NULL),
  (3156238, 'Imposter Hutia', 'Hexolobodon phenax', 'CAPROMYIDAE', 'MAMMALIA',  'EX', NULL),
  (3156909, 'North Andean Deer', 'Hippocamelus antisensis', 'CERVIDAE', 'MAMMALIA',  'VU', NULL),
  (3156926, 'North Andean Deer', 'Hippocamelus antisensis', 'CERVIDAE', 'MAMMALIA',  'VU', NULL),
  (3156943, 'North Andean Deer', 'Hippocamelus antisensis', 'CERVIDAE', 'MAMMALIA',  'VU', NULL),
  (3157232, 'North Andean Deer', 'Hippocamelus antisensis', 'CERVIDAE', 'MAMMALIA',  'DD', NULL),
  (3157296, 'North Andean Deer', 'Hippocamelus antisensis', 'CERVIDAE', 'MAMMALIA',  'VU', NULL),
  (3157313, 'North Andean Deer', 'Hippocamelus antisensis', 'CERVIDAE', 'MAMMALIA',  'VU', NULL),
  (3157330, 'North Andean Deer', 'Hippocamelus antisensis', 'CERVIDAE', 'MAMMALIA',  'VU', NULL),
  (3157347, 'Chilean Guemal', 'Hippocamelus bisulcus', 'CERVIDAE', 'MAMMALIA',  'E', NULL),
  (3157364, 'Chilean Guemal', 'Hippocamelus bisulcus', 'CERVIDAE', 'MAMMALIA',  'E', NULL),
  (3157381, 'Chilean Guemal', 'Hippocamelus bisulcus', 'CERVIDAE', 'MAMMALIA',  'EN', NULL),
  (3157733, 'Chilean Guemal', 'Hippocamelus bisulcus', 'CERVIDAE', 'MAMMALIA',  'EN', NULL),
  (3157785, 'Chilean Guemal', 'Hippocamelus bisulcus', 'CERVIDAE', 'MAMMALIA',  'E', NULL),
  (3157802, 'Chilean Guemal', 'Hippocamelus bisulcus', 'CERVIDAE', 'MAMMALIA',  'E', NULL),
  (3157819, 'Chilean Guemal', 'Hippocamelus bisulcus', 'CERVIDAE', 'MAMMALIA',  'E', NULL),
  (3162294, 'Aba Roundleaf Bat', 'Hipposideros abae', 'HIPPOSIDERIDAE', 'MAMMALIA',  'LR/lc', NULL),
  (3162314, 'Aba Roundleaf Bat', 'Hipposideros abae', 'HIPPOSIDERIDAE', 'MAMMALIA',  'LC', NULL),
  (3162488, 'Aba Roundleaf Bat', 'Hipposideros abae', 'HIPPOSIDERIDAE', 'MAMMALIA',  'NT', NULL),
  (3162617, 'Great Leaf-nosed Bat', 'Hipposideros armiger', 'HIPPOSIDERIDAE', 'MAMMALIA',  'LC', NULL),
  (3162852, 'Great Leaf-nosed Bat', 'Hipposideros armiger', 'HIPPOSIDERIDAE', 'MAMMALIA',  'LR/lc', NULL),
  (3162922, 'Hippopotamus', 'Hippopotamus amphibius', 'HIPPOPOTAMIDAE', 'MAMMALIA',  'VU', NULL),
  (3163352, 'Hippopotamus', 'Hippopotamus amphibius', 'HIPPOPOTAMIDAE', 'MAMMALIA',  'LR/lc', NULL),
  (3163374, 'Hippopotamus', 'Hippopotamus amphibius', 'HIPPOPOTAMIDAE', 'MAMMALIA',  'RE', NULL),
  (3163790, 'Hippopotamus', 'Hippopotamus amphibius', 'HIPPOPOTAMIDAE', 'MAMMALIA',  'VU', NULL),
  (3164225, 'Bi-coloured Leaf-nosed Bat', 'Hipposideros ater', 'HIPPOSIDERIDAE', 'MAMMALIA',  'LC', NULL),
  (3164450, 'Bi-coloured Leaf-nosed Bat', 'Hipposideros ater', 'HIPPOSIDERIDAE', 'MAMMALIA',  'LR/lc', NULL),
  (3164564, 'Benito Roundleaf Bat', 'Hipposideros beatus', 'HIPPOSIDERIDAE', 'MAMMALIA',  'LR/lc', NULL);

-- ========================================
-- Structure de la table Country
-- ========================================
DROP TABLE IF EXISTS Country;
CREATE TABLE Country (
  code_iso VARCHAR(2) PRIMARY KEY, 
  country_name VARCHAR(50) NOT NULL 
) ENGINE=InnoDB DEFAULT CHARSET=utf8mb4;

-- Table Country
INSERT INTO Country (code_iso, country_name) VALUES
  ('AD', 'Andorra'),
  ('AE', 'United Arab Emirates'),
  ('AF', 'Afghanistan'),
  ('AG', 'Antigua and Barbuda'),
  ('AI', 'Anguilla'),
  ('AL', 'Albania'),
  ('AM', 'Armenia'),
  ('AO', 'Angola'),
  ('AQ', 'Antarctica'),
  ('AR', 'Argentina'),
  ('AS', 'American Samoa'),
  ('AT', 'Austria'),
  ('AU', 'Australia'),
  ('AW', 'Aruba'),
  ('AX', 'Åland Islands'),
  ('AZ', 'Azerbaijan'),
  ('BA', 'Bosnia and Herzegovina'),
  ('BB', 'Barbados'),
  ('BD', 'Bangladesh'),
  ('BE', 'Belgium'),
  ('BF', 'Burkina Faso'),
  ('BG', 'Bulgaria'),
  ('BH', 'Bahrain'),
  ('BI', 'Burundi'),
  ('BJ', 'Benin'),
  ('BL', 'Saint Barthélemy'),
  ('BM', 'Bermuda'),
  ('BN', 'Brunei Darussalam'),
  ('BO', 'Bolivia, Plurinational States of'),
  ('BQ', 'Bonaire, Sint Eustatius and Saba'),
  ('BR', 'Brazil'),
  ('BS', 'Bahamas'),
  ('BT', 'Bhutan'),
  ('BV', 'Bouvet Island'),
  ('BW', 'Botswana'),
  ('BY', 'Belarus'),
  ('BZ', 'Belize'),
  ('CA', 'Canada'),
  ('CC', 'Cocos (Keeling) Islands'),
  ('CD', 'Congo, The Democratic Republic of the'),
  ('CF', 'Central African Republic'),
  ('CG', 'Congo'),
  ('CH', 'Switzerland'),
  ('CI', 'Côte d''Ivoire'),
  ('CK', 'Cook Islands'),
  ('CL', 'Chile'),
  ('CM', 'Cameroon'),
  ('CN', 'China'),
  ('CO', 'Colombia'),
  ('CR', 'Costa Rica'),
  ('CU', 'Cuba'),
  ('CV', 'Cabo Verde'),
  ('CW', 'Curaçao'),
  ('CX', 'Christmas Island'),
  ('CY', 'Cyprus'),
  ('CZ', 'Czechia'),
  ('DE', 'Germany'),
  ('DJ', 'Djibouti'),
  ('DK', 'Denmark'),
  ('DM', 'Dominica'),
  ('DO', 'Dominican Republic'),
  ('DT', 'Disputed Territory'),
  ('DZ', 'Algeria'),
  ('EC', 'Ecuador'),
  ('EE', 'Estonia'),
  ('EG', 'Egypt'),
  ('EH', 'Western Sahara'),
  ('ER', 'Eritrea'),
  ('ES', 'Spain'),
  ('ET', 'Ethiopia'),
  ('FI', 'Finland'),
  ('FJ', 'Fiji'),
  ('FK', 'Falkland Islands (Malvinas)'),
  ('FM', 'Micronesia, Federated States of '),
  ('FO', 'Faroe Islands'),
  ('FR', 'France'),
  ('GA', 'Gabon'),
  ('GB', 'United Kingdom'),
  ('GD', 'Grenada'),
  ('GE', 'Georgia'),
  ('GF', 'French Guiana'),
  ('GG', 'Guernsey'),
  ('GH', 'Ghana'),
  ('GI', 'Gibraltar'),
  ('GL', 'Greenland'),
  ('GM', 'Gambia'),
  ('GN', 'Guinea'),
  ('GP', 'Guadeloupe'),
  ('GQ', 'Equatorial Guinea'),
  ('GR', 'Greece'),
  ('GS', 'South Georgia and the South Sandwich Islands'),
  ('GT', 'Guatemala'),
  ('GU', 'Guam'),
  ('GW', 'Guinea-Bissau'),
  ('GY', 'Guyana'),
  ('HK', 'Hong Kong'),
  ('HM', 'Heard Island and McDonald Islands'),
  ('HN', 'Honduras'),
  ('HR', 'Croatia'),
  ('HT', 'Haiti'),
  ('HU', 'Hungary'),
  ('ID', 'Indonesia'),
  ('IE', 'Ireland'),
  ('IL', 'Israel'),
  ('IM', 'Isle of Man'),
  ('IN', 'India'),
  ('IO', 'British Indian Ocean Territory'),
  ('IQ', 'Iraq'),
  ('IR', 'Iran, Islamic Republic of'),
  ('IS', 'Iceland'),
  ('IT', 'Italy'),
  ('JE', 'Jersey'),
  ('JM', 'Jamaica'),
  ('JO', 'Jordan'),
  ('JP', 'Japan'),
  ('KE', 'Kenya'),
  ('KG', 'Kyrgyzstan'),
  ('KH', 'Cambodia'),
  ('KI', 'Kiribati'),
  ('KM', 'Comoros'),
  ('KN', 'Saint Kitts and Nevis'),
  ('KP', 'Korea, Democratic People''s Republic of'),
  ('KR', 'Korea, Republic of'),
  ('KW', 'Kuwait'),
  ('KY', 'Cayman Islands'),
  ('KZ', 'Kazakhstan'),
  ('LA', 'Lao People''s Democratic Republic'),
  ('LB', 'Lebanon'),
  ('LC', 'Saint Lucia'),
  ('LI', 'Liechtenstein'),
  ('LK', 'Sri Lanka'),
  ('LR', 'Liberia'),
  ('LS', 'Lesotho'),
  ('LT', 'Lithuania'),
  ('LU', 'Luxembourg'),
  ('LV', 'Latvia'),
  ('LY', 'Libya'),
  ('MA', 'Morocco'),
  ('MC', 'Monaco'),
  ('MD', 'Moldova'),
  ('ME', 'Montenegro'),
  ('MF', 'Saint Martin (French part)'),
  ('MG', 'Madagascar'),
  ('MH', 'Marshall Islands'),
  ('MK', 'North Macedonia'),
  ('ML', 'Mali'),
  ('MM', 'Myanmar'),
  ('MN', 'Mongolia'),
  ('MO', 'Macao'),
  ('MP', 'Northern Mariana Islands'),
  ('MQ', 'Martinique'),
  ('MR', 'Mauritania'),
  ('MS', 'Montserrat'),
  ('MT', 'Malta'),
  ('MU', 'Mauritius'),
  ('MV', 'Maldives'),
  ('MW', 'Malawi'),
  ('MX', 'Mexico'),
  ('MY', 'Malaysia'),
  ('MZ', 'Mozambique'),
  ('NA', 'Namibia'),
  ('NC', 'New Caledonia'),
  ('NE', 'Niger'),
  ('NF', 'Norfolk Island'),
  ('NG', 'Nigeria'),
  ('NI', 'Nicaragua'),
  ('NL', 'Netherlands'),
  ('NO', 'Norway'),
  ('NP', 'Nepal'),
  ('NR', 'Nauru'),
  ('NU', 'Niue'),
  ('NZ', 'New Zealand'),
  ('OM', 'Oman'),
  ('PA', 'Panama'),
  ('PE', 'Peru'),
  ('PF', 'French Polynesia'),
  ('PG', 'Papua New Guinea'),
  ('PH', 'Philippines'),
  ('PK', 'Pakistan'),
  ('PL', 'Poland'),
  ('PM', 'Saint Pierre and Miquelon'),
  ('PN', 'Pitcairn'),
  ('PR', 'Puerto Rico'),
  ('PS', 'Palestine, State of'),
  ('PT', 'Portugal'),
  ('PW', 'Palau'),
  ('PY', 'Paraguay'),
  ('QA', 'Qatar'),
  ('RE', 'Réunion'),
  ('RO', 'Romania'),
  ('RS', 'Serbia'),
  ('RU', 'Russian Federation'),
  ('RW', 'Rwanda'),
  ('SA', 'Saudi Arabia'),
  ('SB', 'Solomon Islands'),
  ('SC', 'Seychelles'),
  ('SD', 'Sudan'),
  ('SE', 'Sweden'),
  ('SG', 'Singapore'),
  ('SH', 'Saint Helena, Ascension and Tristan da Cunha'),
  ('SI', 'Slovenia'),
  ('SJ', 'Svalbard and Jan Mayen'),
  ('SK', 'Slovakia'),
  ('SL', 'Sierra Leone'),
  ('SM', 'San Marino'),
  ('SN', 'Senegal'),
  ('SO', 'Somalia'),
  ('SR', 'Suriname'),
  ('SS', 'South Sudan'),
  ('ST', 'Sao Tome and Principe'),
  ('SV', 'El Salvador'),
  ('SX', 'Sint Maarten (Dutch part)'),
  ('SY', 'Syrian Arab Republic'),
  ('SZ', 'Eswatini'),
  ('TC', 'Turks and Caicos Islands'),
  ('TD', 'Chad'),
  ('TF', 'French Southern Territories'),
  ('TG', 'Togo'),
  ('TH', 'Thailand'),
  ('TJ', 'Tajikistan'),
  ('TK', 'Tokelau'),
  ('TL', 'Timor-Leste'),
  ('TM', 'Turkmenistan'),
  ('TN', 'Tunisia'),
  ('TO', 'Tonga'),
  ('TR', 'Türkiye'),
  ('TT', 'Trinidad and Tobago'),
  ('TV', 'Tuvalu'),
  ('TW', 'Taiwan, Province of China'),
  ('TZ', 'Tanzania, United Republic of'),
  ('UA', 'Ukraine'),
  ('UG', 'Uganda'),
  ('UM', 'United States Minor Outlying Islands'),
  ('US', 'United States'),
  ('UY', 'Uruguay'),
  ('UZ', 'Uzbekistan'),
  ('VA', 'Holy See (Vatican City State)'),
  ('VC', 'Saint Vincent and the Grenadines'),
  ('VE', 'Venezuela, Bolivarian Republic of'),
  ('VG', 'Virgin Islands, British'),
  ('VI', 'Virgin Islands, U.S.'),
  ('VN', 'Viet Nam'),
  ('VU', 'Vanuatu'),
  ('WF', 'Wallis and Futuna'),
  ('WS', 'Samoa'),
  ('YE', 'Yemen'),
  ('YT', 'Mayotte'),
  ('ZA', 'South Africa'),
  ('ZM', 'Zambia'),
  ('ZW', 'Zimbabwe');

-- ========================================
-- Structure de la table Animal_Country
-- ========================================
DROP TABLE IF EXISTS Animal_Country;
CREATE TABLE Animal_Country (
  animal_id INT NOT NULL,
  code_iso VARCHAR(2) NOT NULL,
  origin VARCHAR(50), 
  presence_type VARCHAR(50),
  PRIMARY KEY (animal_id, code_iso), 
  FOREIGN KEY (animal_id) REFERENCES Animal(animal_id), 
  FOREIGN KEY (code_iso) REFERENCES Country(code_iso) 
) ENGINE=InnoDB DEFAULT CHARSET=utf8mb4;

-- Table Animal_Country
INSERT INTO Animal_Country (animal_id, code_iso, origin, presence_type) VALUES
  (503146, 'FI', 'Native', 'Extant'),
  (503146, 'NO', 'Native', 'Extant'),
  (503146, 'RU', 'Native', 'Extant'),
  (503146, 'SE', 'Native', 'Extant'),
  (503908, 'ES', 'Native', 'Extant'),
  (509971, 'VE', 'Native', 'Extant'),
  (510082, 'IT', 'Native', 'Extant'),
  (510082, 'RO', 'Reintroduced', 'Extant'),
  (510082, 'SK', 'Native', 'Extant'),
  (510082, 'DE', 'Native', 'Extant'),
  (510082, 'LI', 'Native', 'Extant'),
  (510082, 'SI', 'Native', 'Extant'),
  (510082, 'ES', 'Introduced', 'Extant'),
  (510082, 'CH', 'Native', 'Extant'),
  (510082, 'AD', 'Introduced', 'Extant'),
  (510082, 'FR', 'Introduced', 'Extant'),
  (510082, 'AT', 'Native', 'Extant'),
  (510082, 'PL', 'Native', 'Extant'),
  (513175, 'AL', 'Native', 'Extant'),
  (513175, 'GR', 'Native', 'Extant'),
  (513175, 'MK', 'Native', 'Extant'),
  (513175, 'ME', 'Native', 'Extant'),
  (513175, 'RS', 'Native', 'Extant'),
  (513559, 'BA', 'Native', 'Extant'),
  (513559, 'AL', 'Native', 'Presence Uncertain'),
  (513559, 'GR', 'Native', 'Extant'),
  (513559, 'MK', 'Native', 'Extant'),
  (513559, 'ME', 'Native', 'Extant'),
  (513559, 'RS', 'Native', 'Extant'),
  (513663, 'IT', 'Native', 'Extant'),
  (513663, 'CH', 'Native', 'Extant'),
  (513663, 'FR', 'Native', 'Extant'),
  (513760, 'IT', 'Native', 'Extant'),
  (513760, 'CH', 'Native', 'Extant'),
  (513760, 'FR', 'Native', 'Extant'),
  (513875, 'ES', 'Native', 'Extant'),
  (513875, 'AD', 'Native', 'Extant'),
  (513875, 'FR', 'Native', 'Extant'),
  (513875, 'PT', 'Native', 'Extant'),
  (513980, 'ES', 'Native', 'Extant'),
  (513980, 'FR', 'Native', 'Extant'),
  (513980, 'PT', 'Native', 'Extant'),
  (518440, 'BA', 'Native', 'Extant'),
  (518440, 'IT', 'Native', 'Extant'),
  (518440, 'HR', 'Native', 'Extant'),
  (518440, 'SI', 'Native', 'Extant'),
  (518440, 'AT', 'Native', 'Extant'),
  (518549, 'IT', 'Native', 'Extant'),
  (518549, 'IT', 'Native', 'Extant'),
  (518646, 'IT', 'Native', 'Extant'),
  (518740, 'HU', 'Native', 'Extant'),
  (518740, 'RO', 'Native', 'Extant'),
  (518740, 'SK', 'Native', 'Extant'),
  (518740, 'DE', 'Native', 'Extant'),
  (518740, 'ES', 'Native', 'Extant'),
  (518740, 'GR', 'Native', 'Extant'),
  (518740, 'CH', 'Native', 'Extant'),
  (518740, 'ME', 'Native', 'Extant'),
  (518740, 'BG', 'Native', 'Extant'),
  (518740, 'FR', 'Native', 'Extant'),
  (518740, 'RS', 'Native', 'Extant'),
  (518740, 'CZ', 'Native', 'Extant'),
  (518894, 'CX', 'Native', 'Extinct Post-1500'),
  (519016, 'ID', 'Native', 'Extant'),
  (519144, 'IT', 'Native', 'Extant'),
  (519144, 'CH', 'Native', 'Extant'),
  (519144, 'FR', 'Native', 'Extant'),
  (519247, 'BA', 'Native', 'Extant'),
  (519247, 'AL', 'Native', 'Extant'),
  (519247, 'HR', 'Native', 'Extant'),
  (519247, 'GR', 'Native', 'Extant'),
  (519247, 'MK', 'Native', 'Extant'),
  (519247, 'ME', 'Native', 'Extant'),
  (519247, 'BG', 'Native', 'Extant'),
  (519247, 'RS', 'Native', 'Extant'),
  (519247, 'RU', 'Native', 'Extant'),
  (544549, 'MD', 'Native', 'Extant'),
  (544549, 'AL', 'Native', 'Extant'),
  (544549, 'MK', 'Native', 'Extant'),
  (544549, 'GR', 'Native', 'Extant'),
  (544549, 'AT', 'Native', 'Extant'),
  (544549, 'CZ', 'Native', 'Extant'),
  (544549, 'SI', 'Native', 'Extant'),
  (544549, 'HR', 'Native', 'Extant'),
  (544549, 'SK', 'Native', 'Extant'),
  (544549, 'RO', 'Native', 'Extant'),
  (544549, 'BA', 'Native', 'Extant'),
  (544549, 'HU', 'Native', 'Extant'),
  (544549, 'RS', 'Native', 'Extant'),
  (544549, 'UA', 'Native', 'Extant'),
  (544549, 'BG', 'Native', 'Extant'),
  (544549, 'ME', 'Native', 'Extant'),
  (544549, 'RU', 'Native', 'Extant'),
  (544742, 'FI', 'Native', 'Extinct Post-1500'),
  (544742, 'MD', 'Native', 'Extinct Post-1500'),
  (544742, 'EE', 'Native', 'Extinct Post-1500'),
  (544742, 'DE', 'Native', 'Extinct Post-1500'),
  (544742, 'NL', 'Native', 'Extinct Post-1500'),
  (544742, 'ES', 'Native', 'Extant'),
  (544742, 'RU', 'Native', 'Extant'),
  (544742, 'CH', 'Native', 'Extinct Post-1500'),
  (544742, 'ME', 'Native', 'Extinct Post-1500'),
  (544742, 'UA', 'Native', 'Extant'),
  (544742, 'AT', 'Native', 'Extinct Post-1500'),
  (544742, 'CZ', 'Native', 'Extinct Post-1500'),
  (544742, 'LV', 'Native', 'Extinct Post-1500'),
  (544742, 'BY', 'Native', 'Extinct Post-1500'),
  (544742, 'LT', 'Native', 'Extinct Post-1500'),
  (544742, 'HR', 'Native', 'Extinct Post-1500'),
  (544742, 'SK', 'Native', 'Extinct Post-1500'),
  (544742, 'RO', 'Native', 'Extant'),
  (544742, 'HU', 'Native', 'Extinct Post-1500'),
  (544742, 'PL', 'Native', 'Extinct Post-1500'),
  (544742, 'BG', 'Native', 'Extinct Post-1500'),
  (544742, 'FR', 'Native', 'Extant'),
  (544742, 'RS', 'Native', 'Extinct Post-1500'),
  (546843, 'PT', 'Native', 'Extant'),
  (546843, 'PT', 'Native', 'Extant'),
  (739675, 'BR', 'Native', 'Extant'),
  (1306343, 'NZ', 'Native', 'Extant'),
  (1306343, 'NZ', 'Native', 'Extant'),
  (1306343, 'PT', 'Native', 'Extant'),
  (1306343, 'AU', 'Native', 'Extant'),
  (1380378, 'ES', 'Native', 'Extant'),
  (1380378, 'PT', 'Native', 'Extant'),
  (1380378, 'PT', 'Native', 'Extant'),
  (1380378, 'PT', 'Native', 'Presence Uncertain'),
  (1380378, 'CN', 'Native', 'Extant'),
  (1424721, 'CN', 'Native', 'Extant'),
  (1424721, 'ES', 'Native', 'Extant'),
  (1737167, 'IT', 'Native', 'Extinct Post-1500'),
  (1737167, 'FR', 'Native', 'Extinct Post-1500'),
  (1956366, 'IT', 'Native', 'Extant'),
  (1956366, 'DE', 'Native', 'Extant'),
  (1956366, 'CH', 'Native', 'Extant'),
  (1956366, 'FR', 'Native', 'Extant'),
  (1956366, 'AT', 'Native', 'Extant'),
  (2729967, 'RU', 'Native', 'Extant'),
  (2729967, 'UA', 'Native', 'Extant'),
  (2772233, 'IT', 'Native', 'Extant'),
  (2772339, 'RU', 'Native', 'Extant'),
  (2772472, 'RU', 'Native', 'Extant'),
  (2772472, 'UA', 'Native', 'Extant'),
  (2773889, 'MA', 'Native', 'Extant'),
  (2773889, 'GI', 'Native', 'Extant'),
  (2773889, 'MC', 'Native', 'Extant'),
  (2773889, 'EG', 'Native', 'Extant'),
  (2773889, 'AL', 'Native', 'Presence Uncertain'),
  (2773889, 'PS', 'Native', 'Presence Uncertain'),
  (2773889, 'ES', 'Native', 'Extant'),
  (2773889, 'GR', 'Native', 'Extant'),
  (2773889, 'SY', 'Native', 'Presence Uncertain'),
  (2773889, 'LB', 'Native', 'Presence Uncertain'),
  (2773889, 'CY', 'Native', 'Extant'),
  (2773889, 'IL', 'Native', 'Extant'),
  (2773889, 'LY', 'Native', 'Presence Uncertain'),
  (2773889, 'HR', 'Native', 'Extant'),
  (2773889, 'TN', 'Native', 'Extant'),
  (2773889, 'IT', 'Native', 'Extant'),
  (2773889, 'BA', 'Native', 'Presence Uncertain'),
  (2773889, 'TR', 'Native', 'Extant'),
  (2773889, 'MT', 'Native', 'Extant'),
  (2773889, 'DZ', 'Native', 'Extant'),
  (2773889, 'RS', 'Native', 'Presence Uncertain'),
  (2773889, 'FR', 'Native', 'Extant'),
  (2773889, 'ME', 'Native', 'Presence Uncertain'),
  (2775649, 'ES', 'Native', 'Extant'),
  (2775649, 'FR', 'Native', 'Extant'),
  (2775649, 'PT', 'Native', 'Extant'),
  (2775649, 'FR', 'Native', 'Extant'),
  (2775649, 'PT', 'Native', 'Extant'),
  (2775649, 'ES', 'Native', 'Extant'),
  (2782611, 'MA', 'Native', 'Extant'),
  (2782611, 'GI', 'Native', 'Extant'),
  (2782611, 'MC', 'Native', 'Extant'),
  (2782611, 'AL', 'Native', 'Extant'),
  (2782611, 'EG', 'Native', 'Presence Uncertain'),
  (2782611, 'PS', 'Native', 'Presence Uncertain'),
  (2782611, 'ES', 'Native', 'Extant'),
  (2782611, 'SY', 'Native', 'Extant'),
  (2782611, 'GR', 'Native', 'Extant'),
  (2782611, 'LB', 'Native', 'Extant'),
  (2782611, 'ME', 'Native', 'Extant'),
  (2782611, 'CY', 'Native', 'Extant'),
  (2782611, 'IL', 'Native', 'Extant'),
  (2782611, 'LY', 'Native', 'Extant'),
  (2782611, 'SI', 'Native', 'Extant'),
  (2782611, 'HR', 'Native', 'Extant'),
  (2782611, 'TN', 'Native', 'Extant'),
  (2782611, 'IT', 'Native', 'Extant'),
  (2782611, 'BA', 'Native', 'Extant'),
  (2782611, 'TR', 'Native', 'Extant'),
  (2782611, 'MT', 'Native', 'Extant'),
  (2782611, 'DZ', 'Native', 'Extant'),
  (2782611, 'RS', 'Native', 'Extant'),
  (2782611, 'FR', 'Native', 'Extant'),
  (2785108, 'MA', 'Native', 'Presence Uncertain'),
  (2785108, 'GI', 'Native', 'Extant'),
  (2785108, 'MC', 'Native', 'Extant'),
  (2785108, 'EG', 'Native', 'Presence Uncertain'),
  (2785108, 'AL', 'Native', 'Extant'),
  (2785108, 'PS', 'Native', 'Presence Uncertain'),
  (2785108, 'ES', 'Native', 'Extant'),
  (2785108, 'GR', 'Native', 'Extant'),
  (2785108, 'SY', 'Native', 'Presence Uncertain'),
  (2785108, 'LB', 'Native', 'Presence Uncertain'),
  (2785108, 'CY', 'Native', 'Presence Uncertain'),
  (2785108, 'IL', 'Native', 'Extant'),
  (2785108, 'LY', 'Native', 'Presence Uncertain'),
  (2785108, 'SI', 'Native', 'Presence Uncertain'),
  (2785108, 'HR', 'Native', 'Extant'),
  (2785108, 'TN', 'Native', 'Presence Uncertain'),
  (2785108, 'IT', 'Native', 'Extant'),
  (2785108, 'BA', 'Native', 'Presence Uncertain'),
  (2785108, 'TR', 'Native', 'Extant'),
  (2785108, 'MT', 'Native', 'Presence Uncertain'),
  (2785108, 'DZ', 'Native', 'Extant'),
  (2785108, 'FR', 'Native', 'Extant'),
  (2785108, 'ME', 'Native', 'Presence Uncertain'),
  (2789048, 'IQ', 'Native', 'Extant'),
  (2789048, 'GR', 'Native', 'Extant'),
  (2789136, 'CY', 'Origin Uncertain', 'Extant'),
  (2791303, 'IE', 'Native', 'Extant'),
  (2791303, 'FI', 'Native', 'Extant'),
  (2791303, 'DK', 'Native', 'Extant'),
  (2791303, 'EE', 'Native', 'Extant'),
  (2791303, 'DE', 'Native', 'Extant'),
  (2791303, 'BE', 'Native', 'Extant'),
  (2791303, 'NL', 'Native', 'Extant'),
  (2791303, 'ES', 'Native', 'Extant'),
  (2791303, 'RU', 'Native', 'Extant'),
  (2791303, 'CH', 'Native', 'Extant'),
  (2791303, 'AT', 'Native', 'Extant'),
  (2791303, 'CZ', 'Native', 'Extant'),
  (2791303, 'LV', 'Native', 'Extant'),
  (2791303, 'LU', 'Native', 'Extant'),
  (2791303, 'SE', 'Native', 'Extant'),
  (2791303, 'GB', 'Native', 'Extant'),
  (2791303, 'SI', 'Native', 'Extant'),
  (2791303, 'HR', 'Native', 'Extant'),
  (2791303, 'IT', 'Native', 'Extant'),
  (2791303, 'NO', 'Native', 'Extant'),
  (2791303, 'PT', 'Native', 'Extant'),
  (2791303, 'PL', 'Native', 'Extant'),
  (2791303, 'FR', 'Native', 'Extant'),
  (2791535, 'MT', 'Native', 'Possibly Extinct'),
  (2791535, 'IT', 'Native', 'Extant'),
  (2792030, 'GG', 'Native', 'Extant'),
  (2792030, 'JE', 'Native', 'Extant'),
  (2792030, 'DE', 'Native', 'Extant'),
  (2792030, 'LI', 'Native', 'Extant'),
  (2792030, 'BE', 'Native', 'Extant'),
  (2792030, 'NL', 'Native', 'Extant'),
  (2792030, 'ES', 'Native', 'Extant'),
  (2792030, 'CH', 'Native', 'Extant'),
  (2792030, 'AD', 'Native', 'Extant'),
  (2792030, 'FR', 'Native', 'Extant'),
  (2792030, 'AT', 'Native', 'Extant'),
  (2792173, 'ES', 'Native', 'Extant'),
  (2792173, 'PT', 'Native', 'Extant'),
  (2896811, 'ES', 'Native', 'Extant'),
  (2896811, 'AD', 'Native', 'Extant'),
  (2896811, 'FR', 'Native', 'Extant'),
  (2896811, 'FR', 'Native', 'Extant'),
  (2896811, 'ES', 'Native', 'Extant'),
  (2952954, 'IT', 'Native', 'Extant'),
  (2952954, 'IT', 'Native', 'Extant'),
  (2952954, 'FR', 'Introduced', 'Extant'),
  (2952954, 'FR', 'Native', 'Extant'),
  (2953195, 'ES', 'Native', 'Extant'),
  (2953195, 'FR', 'Introduced', 'Extant'),
  (2953195, 'PT', 'Native', 'Extant'),
  (2953438, 'IT', 'Native', 'Extant'),
  (2953438, 'SM', 'Native', 'Extant'),
  (2953438, 'BA', 'Native', 'Extant'),
  (2953438, 'TR', 'Native', 'Extant'),
  (2953438, 'BG', 'Native', 'Extant'),
  (2953438, 'FR', 'Native', 'Extant'),
  (2953438, 'RS', 'Native', 'Extant'),
  (2953438, 'ME', 'Native', 'Extant'),
  (2953438, 'CH', 'Native', 'Extant'),
  (2953438, 'GR', 'Native', 'Extant'),
  (2953438, 'MK', 'Native', 'Extant'),
  (2953438, 'AL', 'Native', 'Extant'),
  (2953438, 'MC', 'Native', 'Extant'),
  (2953593, 'ES', 'Native', 'Extant'),
  (2953593, 'PT', 'Native', 'Extant'),
  (2953688, 'IT', 'Native', 'Extant'),
  (2953771, 'AL', 'Native', 'Extant'),
  (2953771, 'GR', 'Native', 'Extant'),
  (2953771, 'MK', 'Native', 'Extant'),
  (2953771, 'ME', 'Native', 'Extant'),
  (2953771, 'RS', 'Native', 'Extant'),
  (2955634, 'MA', 'Native', 'Extant'),
  (2955634, 'GI', 'Native', 'Extant'),
  (2955634, 'MC', 'Native', 'Extant'),
  (2955634, 'AL', 'Native', 'Extant'),
  (2955634, 'EG', 'Native', 'Extant'),
  (2955634, 'PS', 'Native', 'Presence Uncertain'),
  (2955634, 'ES', 'Native', 'Extant'),
  (2955634, 'SY', 'Native', 'Presence Uncertain'),
  (2955634, 'GR', 'Native', 'Extant'),
  (2955634, 'CY', 'Native', 'Extant'),
  (2955634, 'LY', 'Native', 'Extant'),
  (2955634, 'SI', 'Native', 'Presence Uncertain'),
  (2955634, 'HR', 'Native', 'Presence Uncertain'),
  (2955634, 'TN', 'Native', 'Extant'),
  (2955634, 'IT', 'Native', 'Extant'),
  (2955634, 'BA', 'Native', 'Presence Uncertain'),
  (2955634, 'TR', 'Native', 'Extant'),
  (2955634, 'DZ', 'Native', 'Extant'),
  (2955634, 'MT', 'Native', 'Extant'),
  (2955634, 'FR', 'Native', 'Extant'),
  (2955634, 'ME', 'Native', 'Presence Uncertain'),
  (2955634, 'LB', 'Native', 'Presence Uncertain'),
  (2955856, 'MY', 'Native', 'Extant'),
  (2955856, 'ID', 'Native', 'Extant'),
  (2955856, 'MM', 'Native', 'Extant'),
  (2955856, 'ID', 'Native', 'Extant'),
  (2955856, 'BN', 'Native', 'Extant'),
  (2955856, 'TH', 'Native', 'Extant'),
  (2955856, 'MY', 'Native', 'Extant'),
  (2955856, 'ID', 'Native', 'Extant'),
  (2955856, 'SG', 'Native', 'Extant'),
  (2955856, 'MY', 'Native', 'Extant'),
  (2955856, 'MY', 'Native', 'Extant'),
  (3031266, 'CN', 'Native', 'Extant'),
  (3031266, 'ES', 'Native', 'Extant'),
  (3139783, 'EE', 'Native', 'Possibly Extinct'),
  (3139783, 'AT', 'Native', 'Extant'),
  (3139783, 'CZ', 'Native', 'Extant'),
  (3139783, 'FI', 'Native', 'Possibly Extinct'),
  (3139783, 'DE', 'Native', 'Extant'),
  (3139783, 'BE', 'Native', 'Extant'),
  (3139783, 'FR', 'Native', 'Extant'),
  (3139783, 'HR', 'Native', 'Extant'),
  (3139783, 'LT', 'Native', 'Possibly Extinct'),
  (3139783, 'LU', 'Native', 'Extant'),
  (3139783, 'BY', 'Native', 'Possibly Extinct'),
  (3139783, 'SI', 'Native', 'Extant'),
  (3139783, 'SK', 'Native', 'Possibly Extinct'),
  (3139783, 'IT', 'Native', 'Extant'),
  (3139783, 'BA', 'Native', 'Extant'),
  (3139783, 'PL', 'Native', 'Extant'),
  (3139783, 'PT', 'Native', 'Extant'),
  (3139783, 'AD', 'Native', 'Extant'),
  (3139783, 'RU', 'Native', 'Extant'),
  (3139783, 'CH', 'Native', 'Extant'),
  (3139783, 'ES', 'Native', 'Extant'),
  (3139783, 'NL', 'Native', 'Extant'),
  (3139783, 'LV', 'Native', 'Possibly Extinct'),
  (3139783, 'RO', 'Native', 'Presence Uncertain'),
  (3139783, 'UA', 'Native', 'Possibly Extinct'),
  (3139783, 'RU', 'Native', 'Extant'),
  (3153168, 'MX', 'Native', 'Extant'),
  (3153168, 'GT', 'Native', 'Extant'),
  (3153168, 'MX', 'Native', 'Extant'),
  (3153291, 'MX', 'Native', 'Extant'),
  (3153291, 'MX', 'Native', 'Extant'),
  (3153442, 'CR', 'Native', 'Extant'),
  (3153515, 'CR', 'Native', 'Extant'),
  (3153565, 'TT', 'Native', 'Extant'),
  (3153565, 'CO', 'Native', 'Extant'),
  (3153565, 'VE', 'Native', 'Extant'),
  (3153661, 'TT', 'Native', 'Extant'),
  (3153661, 'CO', 'Native', 'Extant'),
  (3153661, 'VE', 'Native', 'Extant'),
  (3153705, 'PA', 'Native', 'Extant'),
  (3153705, 'CO', 'Native', 'Extant'),
  (3153705, 'EC', 'Native', 'Extant'),
  (3153705, 'VE', 'Native', 'Extant'),
  (3153798, 'PA', 'Native', 'Extant'),
  (3153798, 'CO', 'Native', 'Extant'),
  (3153798, 'EC', 'Native', 'Extant'),
  (3153924, 'BZ', 'Native', 'Extant'),
  (3153924, 'GT', 'Native', 'Extant'),
  (3153924, 'MX', 'Native', 'Extant'),
  (3154029, 'GT', 'Native', 'Extant'),
  (3154029, 'MX', 'Native', 'Extant'),
  (3154593, 'PR', 'Native', 'Extinct Post-1500'),
  (3154671, 'PR', 'Native', 'Extinct Post-1500'),
  (3155700, 'LR', 'Native', 'Extant'),
  (3155700, 'GN', 'Native', 'Extant'),
  (3155700, 'SL', 'Native', 'Extant'),
  (3155700, 'NG', 'Native', 'Extinct Post-1500'),
  (3155700, 'CI', 'Native', 'Extant'),
  (3155903, 'LR', 'Native', 'Extant'),
  (3155903, 'SL', 'Native', 'Extant'),
  (3155903, 'GN', 'Native', 'Extant'),
  (3155903, 'NG', 'Native', 'Extinct Post-1500'),
  (3155903, 'CI', 'Native', 'Extant'),
  (3156174, 'HT', 'Native', 'Extinct Post-1500'),
  (3156174, 'DO', 'Native', 'Extinct Post-1500'),
  (3156238, 'HT', 'Native', 'Extinct Post-1500'),
  (3156238, 'DO', 'Native', 'Extinct Post-1500'),
  (3156943, 'CL', 'Native', 'Extant'),
  (3156943, 'PE', 'Native', 'Extant'),
  (3156943, 'BO', 'Native', 'Extant'),
  (3156943, 'AR', 'Native', 'Extant'),
  (3157232, 'CL', 'Native', 'Extant'),
  (3157232, 'BO', 'Native', 'Extant'),
  (3157232, 'PE', 'Native', 'Extant'),
  (3157232, 'EC', 'Native', 'Possibly Extinct'),
  (3157232, 'AR', 'Native', 'Extant'),
  (3157381, 'CL', 'Native', 'Extant'),
  (3157381, 'AR', 'Native', 'Extant'),
  (3157733, 'CL', 'Native', 'Extant'),
  (3157733, 'AR', 'Native', 'Extant'),
  (3162314, 'GH', 'Native', 'Extant'),
  (3162314, 'CM', 'Native', 'Extant'),
  (3162314, 'BJ', 'Native', 'Presence Uncertain'),
  (3162314, 'GN', 'Native', 'Extant'),
  (3162314, 'TG', 'Native', 'Extant'),
  (3162314, 'SD', 'Native', 'Extant'),
  (3162314, 'TD', 'Native', 'Presence Uncertain'),
  (3162314, 'SL', 'Native', 'Extant'),
  (3162314, 'LR', 'Native', 'Extant'),
  (3162314, 'UG', 'Native', 'Extant'),
  (3162314, 'GW', 'Native', 'Extant'),
  (3162314, 'BF', 'Native', 'Extant'),
  (3162314, 'CI', 'Native', 'Extant'),
  (3162314, 'NG', 'Native', 'Extant'),
  (3162314, 'CF', 'Native', 'Extant'),
  (3162314, 'ML', 'Native', 'Presence Uncertain'),
  (3162314, 'CD', 'Native', 'Extant'),
  (3162314, 'SS', 'Native', 'Extant'),
  (3162488, 'GH', 'Native', 'Extant'),
  (3162488, 'TG', 'Native', 'Extant'),
  (3162488, 'SD', 'Native', 'Extant'),
  (3162488, 'SL', 'Native', 'Extant'),
  (3162488, 'SN', 'Native', 'Extant'),
  (3162488, 'GW', 'Native', 'Extant'),
  (3162488, 'UG', 'Native', 'Extant'),
  (3162488, 'CI', 'Native', 'Extant'),
  (3162488, 'BF', 'Native', 'Extant'),
  (3162488, 'NG', 'Native', 'Extant'),
  (3162488, 'CF', 'Native', 'Extant'),
  (3162488, 'CD', 'Native', 'Extant'),
  (3162488, 'GN', 'Native', 'Extant'),
  (3162488, 'CM', 'Native', 'Extant'),
  (3162617, 'TW', 'Native', 'Extant'),
  (3162617, 'NP', 'Native', 'Extant'),
  (3162617, 'CN', 'Native', 'Extant'),
  (3162617, 'KH', 'Native', 'Extant'),
  (3162617, 'MM', 'Native', 'Extant'),
  (3162617, 'TH', 'Native', 'Extant'),
  (3162617, 'VN', 'Native', 'Extant'),
  (3162617, 'MY', 'Native', 'Extant'),
  (3162617, 'IN', 'Native', 'Extant'),
  (3162617, 'HK', 'Native', 'Extant'),
  (3162617, 'LA', 'Native', 'Extant'),
  (3162852, 'TW', 'Native', 'Extant'),
  (3162852, 'NP', 'Native', 'Extant'),
  (3162852, 'CN', 'Native', 'Extant'),
  (3162852, 'MM', 'Native', 'Extant'),
  (3162852, 'TH', 'Native', 'Extant'),
  (3162852, 'VN', 'Native', 'Extant'),
  (3162852, 'MY', 'Native', 'Extant'),
  (3162852, 'IN', 'Native', 'Extant'),
  (3162852, 'LA', 'Native', 'Extant'),
  (3162922, 'NE', 'Native', 'Extant'),
  (3162922, 'GH', 'Native', 'Extant'),
  (3162922, 'CM', 'Native', 'Extant'),
  (3162922, 'AO', 'Native', 'Extant'),
  (3162922, 'TZ', 'Native', 'Extant'),
  (3162922, 'NA', 'Native', 'Extant'),
  (3162922, 'EG', 'Native', 'Extinct Post-1500'),
  (3162922, 'GM', 'Native', 'Extant'),
  (3162922, 'GN', 'Native', 'Extant'),
  (3162922, 'CD', 'Native', 'Extant'),
  (3162922, 'RW', 'Native', 'Extant'),
  (3162922, 'CF', 'Native', 'Extant'),
  (3162922, 'GQ', 'Native', 'Extant'),
  (3162922, 'ET', 'Native', 'Extant'),
  (3162922, 'CG', 'Native', 'Extant'),
  (3162922, 'NG', 'Native', 'Extant'),
  (3162922, 'ZW', 'Native', 'Extant'),
  (3162922, 'ZM', 'Native', 'Extant'),
  (3162922, 'SZ', 'Native', 'Extant'),
  (3162922, 'ML', 'Native', 'Extant'),
  (3162922, 'BI', 'Native', 'Extant'),
  (3162922, 'BF', 'Native', 'Extant'),
  (3162922, 'DZ', 'Native', 'Extinct Post-1500'),
  (3162922, 'LR', 'Native', 'Extant'),
  (3162922, 'GA', 'Native', 'Extant'),
  (3162922, 'ZA', 'Native', 'Extant'),
  (3162922, 'TD', 'Native', 'Extant'),
  (3162922, 'TG', 'Native', 'Extant'),
  (3162922, 'BW', 'Native', 'Extant'),
  (3162922, 'BJ', 'Native', 'Extant'),
  (3162922, 'KE', 'Native', 'Extant'),
  (3162922, 'SD', 'Native', 'Extant'),
  (3162922, 'MW', 'Native', 'Extant'),
  (3162922, 'MZ', 'Native', 'Extant'),
  (3162922, 'SL', 'Native', 'Extant'),
  (3162922, 'SN', 'Native', 'Extant'),
  (3162922, 'MR', 'Native', 'Extinct Post-1500'),
  (3162922, 'SO', 'Native', 'Extant'),
  (3162922, 'UG', 'Native', 'Extant'),
  (3162922, 'GW', 'Native', 'Extant'),
  (3162922, 'CI', 'Native', 'Extant'),
  (3163374, 'NE', 'Native', 'Extant'),
  (3163374, 'GH', 'Native', 'Extant'),
  (3163374, 'AO', 'Native', 'Extant'),
  (3163374, 'CM', 'Native', 'Extant'),
  (3163374, 'NA', 'Native', 'Extant'),
  (3163374, 'TZ', 'Native', 'Extant'),
  (3163374, 'GM', 'Native', 'Extant'),
  (3163374, 'EG', 'Native', 'Extinct Post-1500'),
  (3163374, 'GN', 'Native', 'Extant'),
  (3163374, 'CD', 'Native', 'Extant'),
  (3163374, 'RW', 'Native', 'Extant'),
  (3163374, 'CF', 'Native', 'Extant'),
  (3163374, 'GQ', 'Native', 'Extant'),
  (3163374, 'ET', 'Native', 'Extant'),
  (3163374, 'CG', 'Native', 'Extant'),
  (3163374, 'NG', 'Native', 'Extant'),
  (3163374, 'ZW', 'Native', 'Extant'),
  (3163374, 'ZM', 'Native', 'Extant'),
  (3163374, 'SZ', 'Native', 'Extant'),
  (3163374, 'ML', 'Native', 'Extant'),
  (3163374, 'BI', 'Native', 'Extant'),
  (3163374, 'BF', 'Native', 'Extant'),
  (3163374, 'DZ', 'Native', 'Extinct Post-1500'),
  (3163374, 'LR', 'Native', 'Extant'),
  (3163374, 'GA', 'Native', 'Extant'),
  (3163374, 'ZA', 'Native', 'Extant'),
  (3163374, 'TD', 'Native', 'Extant'),
  (3163374, 'BW', 'Native', 'Extant'),
  (3163374, 'TG', 'Native', 'Extant'),
  (3163374, 'BJ', 'Native', 'Extant'),
  (3163374, 'KE', 'Native', 'Extant'),
  (3163374, 'SD', 'Native', 'Extant'),
  (3163374, 'MW', 'Native', 'Extant'),
  (3163374, 'MZ', 'Native', 'Extant'),
  (3163374, 'SL', 'Native', 'Extant'),
  (3163374, 'SN', 'Native', 'Extant'),
  (3163374, 'MR', 'Native', 'Extinct Post-1500'),
  (3163374, 'SO', 'Native', 'Extant'),
  (3163374, 'UG', 'Native', 'Extant'),
  (3163374, 'GW', 'Native', 'Extant'),
  (3163374, 'CI', 'Native', 'Extant'),
  (3163790, 'NE', 'Native', 'Extant'),
  (3163790, 'GH', 'Native', 'Extant'),
  (3163790, 'CM', 'Native', 'Extant'),
  (3163790, 'AO', 'Native', 'Extant'),
  (3163790, 'TZ', 'Native', 'Extant'),
  (3163790, 'NA', 'Native', 'Extant'),
  (3163790, 'EG', 'Native', 'Extinct Post-1500'),
  (3163790, 'GM', 'Native', 'Extant'),
  (3163790, 'GN', 'Native', 'Extant'),
  (3163790, 'CD', 'Native', 'Extant'),
  (3163790, 'GQ', 'Native', 'Extant'),
  (3163790, 'CF', 'Native', 'Extant'),
  (3163790, 'RW', 'Native', 'Extant'),
  (3163790, 'ET', 'Native', 'Extant'),
  (3163790, 'CG', 'Native', 'Extant'),
  (3163790, 'NG', 'Native', 'Extant'),
  (3163790, 'ZW', 'Native', 'Extant'),
  (3163790, 'ZM', 'Native', 'Extant'),
  (3163790, 'ML', 'Native', 'Extant'),
  (3163790, 'SZ', 'Native', 'Extant'),
  (3163790, 'BI', 'Native', 'Extant'),
  (3163790, 'BF', 'Native', 'Extant'),
  (3163790, 'DZ', 'Native', 'Extinct Post-1500'),
  (3163790, 'LR', 'Native', 'Extant'),
  (3163790, 'GA', 'Native', 'Extant'),
  (3163790, 'TD', 'Native', 'Extant'),
  (3163790, 'ZA', 'Native', 'Extant'),
  (3163790, 'TG', 'Native', 'Extant'),
  (3163790, 'BW', 'Native', 'Extant'),
  (3163790, 'BJ', 'Native', 'Extant'),
  (3163790, 'KE', 'Native', 'Extant'),
  (3163790, 'SD', 'Native', 'Extant'),
  (3163790, 'MW', 'Native', 'Extant'),
  (3163790, 'MZ', 'Native', 'Extant'),
  (3163790, 'SL', 'Native', 'Extant'),
  (3163790, 'SN', 'Native', 'Extant'),
  (3163790, 'MR', 'Native', 'Extinct Post-1500'),
  (3163790, 'SO', 'Native', 'Extant'),
  (3163790, 'UG', 'Native', 'Extant'),
  (3163790, 'GW', 'Native', 'Extant'),
  (3163790, 'CI', 'Native', 'Extant'),
  (3163790, 'SS', 'Native', 'Extant'),
  (3164225, 'PG', 'Native', 'Extant'),
  (3164225, 'LK', 'Native', 'Extant'),
  (3164225, 'MM', 'Native', 'Extant'),
  (3164225, 'ID', 'Native', 'Extant'),
  (3164225, 'BN', 'Native', 'Presence Uncertain'),
  (3164225, 'TH', 'Native', 'Extant'),
  (3164225, 'AU', 'Native', 'Extant'),
  (3164225, 'MY', 'Native', 'Extant'),
  (3164225, 'IN', 'Native', 'Extant'),
  (3164225, 'PH', 'Native', 'Extant'),
  (3164450, 'PG', 'Native', 'Extant'),
  (3164450, 'LK', 'Native', 'Extant'),
  (3164450, 'MM', 'Native', 'Extant'),
  (3164450, 'ID', 'Native', 'Extant'),
  (3164450, 'TH', 'Native', 'Extant'),
  (3164450, 'AU', 'Native', 'Extant'),
  (3164450, 'VN', 'Native', 'Extant'),
  (3164450, 'BD', 'Native', 'Extant'),
  (3164450, 'MY', 'Native', 'Extant'),
  (3164450, 'IN', 'Native', 'Extant'),
  (3164450, 'PH', 'Native', 'Extant');

-- ========================================
-- Structure de la table Environment
-- ========================================
DROP TABLE IF EXISTS Environment;
CREATE TABLE Environment (
  environment_id INT PRIMARY KEY, 
  environment_name VARCHAR(50) NOT NULL, 
  environment_type VARCHAR(255) 
) ENGINE=InnoDB DEFAULT CHARSET=utf8mb4;

-- Table Environment
INSERT INTO Environment (environment_id, environment_name, environment_type) VALUES
  ('1', 'Forest', NULL),
  ('1_1', 'Forest ', ' Boreal'),
  ('1_2', 'Forest ', ' Subarctic'),
  ('1_3', 'Forest ', ' Subantarctic'),
  ('1_4', 'Forest ', ' Temperate'),
  ('1_5', 'Forest ', ' Subtropical/Tropical Dry'),
  ('1_6', 'Forest ', ' Subtropical/Tropical Moist Lowland'),
  ('1_7', 'Forest ', ' Subtropical/Tropical Mangrove Vegetation Above High Tide Level'),
  ('1_8', 'Forest ', ' Subtropical/Tropical Swamp'),
  ('1_9', 'Forest ', ' Subtropical/Tropical Moist Montane'),
  ('2', 'Savanna', NULL),
  ('2_1', 'Savanna ', ' Dry'),
  ('2_2', 'Savanna ', ' Moist'),
  ('3', 'Shrubland', NULL),
  ('3_1', 'Shrubland ', ' Subarctic'),
  ('3_2', 'Shrubland ', ' Subantarctic'),
  ('3_3', 'Shrubland ', ' Boreal'),
  ('3_4', 'Shrubland ', ' Temperate'),
  ('3_5', 'Shrubland ', ' Subtropical/Tropical Dry'),
  ('3_6', 'Shrubland ', ' Subtropical/Tropical Moist'),
  ('3_7', 'Shrubland ', ' Subtropical/Tropical High Altitude'),
  ('3_8', 'Shrubland ', ' Mediterranean'),
  ('4', 'Grassland', NULL),
  ('4_1', 'Grassland ', ' Tundra'),
  ('4_2', 'Grassland ', ' Subarctic'),
  ('4_3', 'Grassland ', ' Subantarctic'),
  ('4_4', 'Grassland ', ' Temperate'),
  ('4_5', 'Grassland ', ' Subtropical/Tropical Dry'),
  ('4_6', 'Grassland ', ' Subtropical/Tropical Seasonally Wet/Flooded'),
  ('4_7', 'Grassland ', ' Subtropical/Tropical High Altitude'),
  ('5', 'Wetlands (inland)', NULL),
  ('5_1', 'Wetlands (inland) ', ' Permanent Rivers/Streams/Creeks (includes waterfalls)'),
  ('5_2', 'Wetlands (inland) ', ' Seasonal/Intermittent/Irregular Rivers/Streams/Creeks'),
  ('5_3', 'Wetlands (inland) ', ' Shrub Dominated Wetlands'),
  ('5_4', 'Wetlands (inland) ', ' Bogs, Marshes, Swamps, Fens, Peatlands'),
  ('5_5', 'Wetlands (inland) ', ' Permanent Freshwater Lakes (over 8ha)'),
  ('5_6', 'Wetlands (inland) ', ' Seasonal/Intermittent Freshwater Lakes (over 8ha)'),
  ('5_7', 'Wetlands (inland) ', ' Permanent Freshwater Marshes/Pools (under 8ha)'),
  ('5_8', 'Wetlands (inland) ', ' Seasonal/Intermittent Freshwater Marshes/Pools (under 8ha)'),
  ('5_9', 'Wetlands (inland) ', ' Freshwater Springs and Oases'),
  ('5_10', 'Wetlands (inland) ', ' Tundra Wetlands (incl. pools and temporary waters from snowmelt)'),
  ('5_11', 'Wetlands (inland) ', ' Alpine Wetlands (includes temporary waters from snowmelt)'),
  ('5_12', 'Wetlands (inland) ', ' Geothermal Wetlands'),
  ('5_13', 'Wetlands (inland) ', ' Permanent Inland Deltas'),
  ('5_14', 'Wetlands (inland) ', ' Permanent Saline, Brackish or Alkaline Lakes'),
  ('5_15', 'Wetlands (inland) ', ' Seasonal/Intermittent Saline, Brackish or Alkaline Lakes and Flats'),
  ('5_16', 'Wetlands (inland) ', ' Permanent Saline, Brackish or Alkaline Marshes/Pools'),
  ('5_17', 'Wetlands (inland) ', ' Seasonal/Intermittent Saline, Brackish or Alkaline Marshes/Pools'),
  ('5_18', 'Wetlands (inland) ', ' Karst and Other Subterranean Hydrological Systems (inland)'),
  ('6', 'Rocky areas (eg. inland cliffs, mountain peaks)', NULL),
  ('7', 'Caves and Subterranean Habitats (non', 'aquatic)'),
  ('7_1', 'Caves and Subterranean Habitats (non', 'aquatic) '),
  ('7_2', 'Caves and Subterranean Habitats (non', 'aquatic) '),
  ('8', 'Desert', NULL),
  ('8_1', 'Desert ', ' Hot'),
  ('8_2', 'Desert ', ' Temperate'),
  ('8_3', 'Desert ', ' Cold'),
  ('9', 'Marine Neritic', NULL),
  ('9_1', 'Marine Neritic ', ' Pelagic'),
  ('9_2', 'Marine Neritic ', ' Subtidal Rock and Rocky Reefs'),
  ('9_3', 'Marine Neritic ', ' Subtidal Loose Rock/pebble/gravel'),
  ('9_4', 'Marine Neritic ', ' Subtidal Sandy'),
  ('9_5', 'Marine Neritic ', ' Subtidal Sandy'),
  ('9_6', 'Marine Neritic ', ' Subtidal Muddy'),
  ('9_7', 'Marine Neritic ', ' Macroalgal/Kelp'),
  ('9_8', 'Marine Neritic ', ' Coral Reef'),
  ('9_8_1', 'Outer Reef Channel', NULL),
  ('9_8_2', 'Back Slope', NULL),
  ('9_8_3', 'Foreslope (Outer Reef Slope)', NULL),
  ('9_8_4', 'Lagoon', NULL),
  ('9_8_5', 'Inter', 'Reef Soft Substrate'),
  ('9_8_6', 'Inter', 'Reef Rubble Substrate'),
  ('9_9', 'Marine Neritic ', ' Seagrass (Submerged)'),
  ('9_10', 'Marine Neritic ', ' Estuaries'),
  ('10', 'Marine Oceanic', NULL),
  ('10_1', 'Marine Oceanic ', ' Epipelagic (0'),
  ('10_2', 'Marine Oceanic ', ' Mesopelagic (200'),
  ('10_3', 'Marine Oceanic ', ' Bathypelagic (1000'),
  ('10_4', 'Marine Oceanic ', ' Abyssopelagic (4000'),
  ('11', 'Marine Deep Benthic', NULL),
  ('11_1', 'Marine Deep Benthic ', ' Continental Slope/Bathyl Zone (200'),
  ('11_1_1', 'Hard Substrate', NULL),
  ('11_1_2', 'Soft Substrate', NULL),
  ('11_2', 'Marine Deep Benthic ', ' Abyssal Plain (4,000'),
  ('11_3', 'Marine Deep Benthic ', ' Abyssal Mountain/Hills (4,000'),
  ('11_4', 'Marine Deep Benthic ', ' Hadal/Deep Sea Trench (>6,000m)'),
  ('11_5', 'Marine Deep Benthic ', ' Seamount'),
  ('11_6', 'Marine Deep Benthic ', ' Deep Sea Vents (Rifts/Seeps)'),
  ('12', 'Marine Intertidal', NULL),
  ('12_1', 'Marine Intertidal ', ' Rocky Shoreline'),
  ('12_2', 'Marine Intertidal ', ' Sandy Shoreline and/or Beaches, Sand Bars, Spits, Etc'),
  ('12_3', 'Marine Intertidal ', ' Shingle and/or Pebble Shoreline and/or Beaches'),
  ('12_4', 'Marine Intertidal ', ' Mud Flats and Salt Flats'),
  ('12_5', 'Marine Intertidal ', ' Salt Marshes (Emergent Grasses)'),
  ('12_6', 'Marine Intertidal ', ' Tidepools'),
  ('12_7', 'Marine Intertidal ', ' Mangrove Submerged Roots'),
  ('13', 'Marine Coastal/Supratidal', NULL),
  ('13_1', 'Marine Coastal/Supratidal ', ' Sea Cliffs and Rocky Offshore Islands'),
  ('13_2', 'Marine Coastal/supratidal ', ' Coastal Caves/Karst'),
  ('13_3', 'Marine Coastal/Supratidal ', ' Coastal Sand Dunes'),
  ('13_4', 'Marine Coastal/Supratidal ', ' Coastal Brackish/Saline Lagoons/Marine Lakes'),
  ('13_5', 'Marine Coastal/Supratidal ', ' Coastal Freshwater Lakes'),
  ('14', 'Artificial/Terrestrial', NULL),
  ('14_1', 'Artificial/Terrestrial ', ' Arable Land'),
  ('14_2', 'Artificial/Terrestrial ', ' Pastureland'),
  ('14_3', 'Artificial/Terrestrial ', ' Plantations'),
  ('14_4', 'Artificial/Terrestrial ', ' Rural Gardens'),
  ('14_5', 'Artificial/Terrestrial ', ' Urban Areas'),
  ('14_6', 'Artificial/Terrestrial ', ' Subtropical/Tropical Heavily Degraded Former Forest'),
  ('15', 'Artificial/Aquatic & Marine', NULL),
  ('15_1', 'Artificial/Aquatic ', ' Water Storage Areas (over 8ha)'),
  ('15_2', 'Artificial/Aquatic ', ' Ponds (below 8ha)'),
  ('15_3', 'Artificial/Aquatic ', ' Aquaculture Ponds'),
  ('15_4', 'Artificial/Aquatic ', ' Salt Exploitation Sites'),
  ('15_5', 'Artificial/Aquatic ', ' Excavations (open)'),
  ('15_6', 'Artificial/Aquatic ', ' Wastewater Treatment Areas'),
  ('15_7', 'Artificial/Aquatic ', ' Irrigated Land (includes irrigation channels)'),
  ('15_8', 'Artificial/Aquatic ', ' Seasonally Flooded Agricultural Land'),
  ('15_9', 'Artificial/Aquatic ', ' Canals and Drainage Channels, Ditches'),
  ('15_10', 'Artificial/Aquatic ', ' Karst and Other Subterranean Hydrological Systems (human'),
  ('15_11', 'Artificial/Marine ', ' Marine Anthropogenic Structures'),
  ('15_12', 'Artificial/Marine ', ' Mariculture Cages'),
  ('15_13', 'Artificial/Marine ', ' Mari/Brackishculture Ponds'),
  ('16', 'Introduced vegetation', NULL),
  ('17', 'Other', NULL),
  ('18', 'Unknown', NULL);

-- ========================================
-- Structure de la table Animal_Environment
-- ========================================
DROP TABLE IF EXISTS Animal_Environment;
CREATE TABLE Animal_Environment (
  animal_id INT NOT NULL,
  environment_id VARCHAR(10) NOT NULL,
  PRIMARY KEY (animal_id, environment_id), 
  FOREIGN KEY (animal_id) REFERENCES Animal(animal_id), 
  FOREIGN KEY (environment_id) REFERENCES Environment(environment_id) 
) ENGINE=InnoDB DEFAULT CHARSET=utf8mb4;

-- Table Animal_Environment
INSERT INTO Animal_Environment (animal_id, environment_id) VALUES
  (503146, '3_3'),
  (503146, '4_1'),
  (503146, '5_4'),
  (503146, '4_2'),
  (503146, '3_1'),
  (503908, '3_4'),
  (503908, '14_2'),
  (503908, '1_4'),
  (509971, '1_6'),
  (510082, '14_2'),
  (510082, '6'),
  (510082, '4_4'),
  (513175, '14_1'),
  (513175, '1_4'),
  (513559, '14_2'),
  (513559, '14_1'),
  (513559, '4_4'),
  (513663, '14_2'),
  (513663, '1_4'),
  (513663, '4_4'),
  (513760, '3_4'),
  (513760, '14_3'),
  (513760, '14_2'),
  (513760, '3_8'),
  (513760, '14_1'),
  (513760, '1_4'),
  (513760, '14_4'),
  (513760, '14_5'),
  (513875, '3_4'),
  (513875, '14_3'),
  (513875, '14_2'),
  (513875, '3_8'),
  (513875, '14_1'),
  (513980, '14_3'),
  (513980, '14_2'),
  (513980, '14_1'),
  (513980, '1_4'),
  (518440, '14_2'),
  (518440, '1_4'),
  (518440, '4_4'),
  (518549, '1_4'),
  (518549, '7_1'),
  (518646, '14_3'),
  (518646, '14_2'),
  (518646, '3_8'),
  (518646, '14_1'),
  (518646, '14_4'),
  (518646, '4_4'),
  (518646, '14_5'),
  (518740, '1_4'),
  (518894, '1_6'),
  (519016, '1_6'),
  (519144, '5_3'),
  (519247, '6'),
  (544549, '14_2'),
  (544549, '14_1'),
  (544549, '4_4'),
  (544742, '5_6'),
  (544742, '5_3'),
  (544742, '5_4'),
  (544742, '5_13'),
  (544742, '5_2'),
  (544742, '5_1'),
  (546843, '14_2'),
  (546843, '5'),
  (546843, '1_4'),
  (546843, '14_5'),
  (739675, '1_5'),
  (739675, '2_1'),
  (1306343, '10_1'),
  (1306343, '9_1'),
  (1306343, '13_1'),
  (1306343, '12_3'),
  (1306343, '12_2'),
  (1306343, '12_1'),
  (1306343, '10_2'),
  (1306343, '3_2'),
  (1306343, '1_3'),
  (1380378, '14_2'),
  (1380378, '5'),
  (1380378, '1_4'),
  (1424721, '1_5'),
  (1424721, '7_1'),
  (1424721, '7_2'),
  (1737167, '18'),
  (1956366, '1_4'),
  (2729967, '1_1'),
  (2772233, '3_4'),
  (2772233, '1_4'),
  (2772339, '3_4'),
  (2772339, '4_4'),
  (2772472, '4_4'),
  (2773889, '10_2'),
  (2775649, '5_7'),
  (2775649, '5_5'),
  (2775649, '5_1'),
  (2782611, '13_4'),
  (2782611, '9_5'),
  (2782611, '9_10'),
  (2782611, '9_9'),
  (2782611, '9_1'),
  (2785108, '10_1'),
  (2785108, '9_1'),
  (2785108, '10_2'),
  (2789048, '3_8'),
  (2789048, '6'),
  (2789136, '6'),
  (2791303, '14_3'),
  (2791303, '14_2'),
  (2791303, '14_1'),
  (2791303, '1_4'),
  (2791303, '14_4'),
  (2791303, '4_4'),
  (2791303, '14_5'),
  (2791535, '14_2'),
  (2791535, '3_8'),
  (2791535, '14_1'),
  (2791535, '14_4'),
  (2791535, '14_5'),
  (2792030, '3_4'),
  (2792030, '5_4'),
  (2792030, '1_4'),
  (2792173, '3_4'),
  (2792173, '14_1'),
  (2792173, '1_4'),
  (2792173, '6'),
  (2896811, '14_2'),
  (2896811, '14_1'),
  (2896811, '1_4'),
  (2896811, '6'),
  (2896811, '4_4'),
  (2952954, '3_4'),
  (2952954, '14_3'),
  (2952954, '14_2'),
  (2952954, '3_8'),
  (2952954, '14_1'),
  (2952954, '16'),
  (2952954, '1_4'),
  (2952954, '14_4'),
  (2952954, '4_4'),
  (2952954, '13_3'),
  (2953195, '14_1'),
  (2953195, '1_4'),
  (2953195, '3_4'),
  (2953195, '4_4'),
  (2953438, '14_2'),
  (2953438, '1_4'),
  (2953438, '4_4'),
  (2953593, '3_4'),
  (2953593, '14_2'),
  (2953593, '1_4'),
  (2953593, '14_4'),
  (2953593, '4_4'),
  (2953688, '14_2'),
  (2953688, '14_1'),
  (2953688, '1_4'),
  (2953771, '14_2'),
  (2953771, '14_1'),
  (2953771, '13_3'),
  (2955634, '10_1'),
  (2955634, '10_2'),
  (2955634, '9_1'),
  (2955856, '1_8'),
  (2955856, '14_6'),
  (2955856, '1_6'),
  (2955856, '1_9'),
  (3031266, '3_5'),
  (3031266, '14_1'),
  (3031266, '14_4'),
  (3031266, '13_3'),
  (3031266, '8_1'),
  (3139783, '14_3'),
  (3139783, '1_4'),
  (3139783, '6'),
  (3139783, '14_4'),
  (3153168, '1_9'),
  (3153291, '1_6'),
  (3153442, '1_9'),
  (3153515, '1_6'),
  (3153565, '14_1'),
  (3153565, '1_5'),
  (3153565, '1_6'),
  (3153565, '1_9'),
  (3153705, '1_6'),
  (3153705, '1_9'),
  (3153924, '1_5'),
  (3154593, '18'),
  (3155700, '5_7'),
  (3155700, '5_6'),
  (3155700, '5_4'),
  (3155700, '5_1'),
  (3155700, '1_6'),
  (3155903, '5_7'),
  (3155903, '5_6'),
  (3155903, '5_4'),
  (3155903, '5_1'),
  (3155903, '1_6'),
  (3156174, '18'),
  (3156943, '4_7'),
  (3156943, '3_7'),
  (3156943, '6'),
  (3156943, '17'),
  (3157381, '3_2'),
  (3157381, '5_11'),
  (3157381, '3_4'),
  (3157381, '14_3'),
  (3157381, '5_4'),
  (3157381, '3_8'),
  (3157381, '4_3'),
  (3157381, '6'),
  (3157381, '1_4'),
  (3157381, '4_4'),
  (3157381, '8_2'),
  (3157381, '1_3'),
  (3162314, '14_6'),
  (3162314, '6'),
  (3162314, '2_1'),
  (3162314, '2_2'),
  (3162488, '7_1'),
  (3162488, '1_6'),
  (3162488, '2_1'),
  (3162488, '2_2'),
  (3162617, '14_4'),
  (3162617, '7_1'),
  (3162617, '7_2'),
  (3162617, '1_9'),
  (3162922, '5_15'),
  (3162922, '5_14'),
  (3162922, '5_3'),
  (3162922, '1_8'),
  (3162922, '1_6'),
  (3162922, '1_7'),
  (3162922, '4_6'),
  (3162922, '5_8'),
  (3162922, '5_17'),
  (3162922, '2_2'),
  (3162922, '5_16'),
  (3162922, '5_1'),
  (3162922, '5_2'),
  (3162922, '13_5'),
  (3162922, '3_6'),
  (3162922, '5_13'),
  (3162922, '9_10'),
  (3162922, '5_5'),
  (3162922, '5_6'),
  (3162922, '13_4'),
  (3162922, '5_7'),
  (3163374, '5_15'),
  (3163374, '5_14'),
  (3163374, '5_3'),
  (3163374, '1_8'),
  (3163374, '1_6'),
  (3163374, '1_7'),
  (3163374, '4_6'),
  (3163374, '5_8'),
  (3163374, '5_17'),
  (3163374, '2_2'),
  (3163374, '5_16'),
  (3163374, '5_1'),
  (3163374, '5_2'),
  (3163374, '13_5'),
  (3163374, '3_6'),
  (3163374, '5_13'),
  (3163374, '9_10'),
  (3163374, '5_5'),
  (3163374, '5_6'),
  (3163374, '13_4'),
  (3163374, '5_7'),
  (3163790, '5_15'),
  (3163790, '5_14'),
  (3163790, '5_3'),
  (3163790, '1_8'),
  (3163790, '1_6'),
  (3163790, '1_7'),
  (3163790, '4_6'),
  (3163790, '5_8'),
  (3163790, '5_17'),
  (3163790, '2_2'),
  (3163790, '5_16'),
  (3163790, '5_1'),
  (3163790, '5_2'),
  (3163790, '13_5'),
  (3163790, '3_6'),
  (3163790, '5_13'),
  (3163790, '9_10'),
  (3163790, '5_5'),
  (3163790, '5_6'),
  (3163790, '13_4'),
  (3163790, '5_7'),
  (3164225, '3_5'),
  (3164225, '14_4'),
  (3164225, '14_5'),
  (3164225, '7_1'),
  (3164225, '1_5'),
  (3164225, '7_2'),
  (3164225, '1_6'),
  (3164225, '1_7'),
  (3164225, '2_1'),
  (3164225, '1_9');

-- ========================================
-- Structure de la table User
-- ========================================
DROP TABLE IF EXISTS User;
CREATE TABLE User (
  user_id INT AUTO_INCREMENT PRIMARY KEY, 
  email VARCHAR(255) NOT NULL, 
  password VARCHAR(255) NOT NULL, 
  pseudo VARCHAR(50), 
  role VARCHAR(50) NOT NULL 
) ENGINE=InnoDB DEFAULT CHARSET=utf8mb4;

-- ========================================
-- Structure de la table Favorite
-- ========================================
DROP TABLE IF EXISTS Favorite;
CREATE TABLE Favorite (
  PRIMARY KEY (animal_id, user_id), 
  FOREIGN KEY(animal_id) REFERENCES Animal(animal_id), 
  FOREIGN KEY(user_id) REFERENCES User(user_id) 
) ENGINE=InnoDB DEFAULT CHARSET=utf8mb4;

